gpu_name,each_gpu_memory,gpu_count,batch_size,epoch,train_loss,train_acc,val_loss,val_acc,epoch_train_time,train_throughput,gpu_util,mem_util
NVIDIA H100 80GB HBM3,81004MB,1,64,1,0.597683966328083,0.8305414881184262,0.33297044781975604,0.9003087341898217,9.756532907485962,19206.720438181397,11.0,2.2699058055877686
NVIDIA H100 80GB HBM3,81004MB,1,64,2,0.30111030147659906,0.9072901046475017,0.29056344466752687,0.9117119808783986,8.565810203552246,21876.622940149766,11.0,2.2699058055877686
NVIDIA H100 80GB HBM3,81004MB,1,64,3,0.25098235329810087,0.9207806137968205,0.26465606445775136,0.920002987750224,8.480568408966064,22096.514167833517,11.0,2.2699058055877686
NVIDIA H100 80GB HBM3,81004MB,1,64,4,0.22146406562080456,0.9282249414326195,0.23986033856803446,0.9264515486505328,8.46216082572937,22144.580309822744,11.0,2.2699058055877686
NVIDIA H100 80GB HBM3,81004MB,1,64,5,0.19743551626434827,0.9349648595716977,0.23219975822594713,0.9287919529927298,8.488121509552002,22076.851726158948,11.0,2.2699058055877686
NVIDIA H100 80GB HBM3,81004MB,1,64,6,0.17971293813614542,0.9398156795150248,0.22920149141794038,0.9298874614082263,8.456670045852661,22158.958429730945,11.0,2.2699058055877686
NVIDIA H100 80GB HBM3,81004MB,1,64,7,0.16448266153927105,0.9429641765079433,0.24621203692533286,0.9264764465690668,8.46621561050415,22133.974448690085,11.0,2.2699058055877686
NVIDIA H100 80GB HBM3,81004MB,1,64,8,0.15236000563456945,0.9469771760650191,0.22817550221889002,0.9327258241211035,8.447265386581421,22183.628834210984,11.0,2.2699058055877686
NVIDIA H100 80GB HBM3,81004MB,1,64,9,0.14215088678166132,0.9497467861316712,0.232133569614178,0.9334229658400558,8.487299680709839,22078.989437112403,11.0,2.2699058055877686
NVIDIA H100 80GB HBM3,81004MB,1,64,10,0.1327990984336802,0.9528419187687776,0.2403511353554615,0.9324270490986953,8.435544490814209,22214.45221515426,11.0,2.2699058055877686
NVIDIA H100 80GB HBM3,81004MB,1,64,11,0.12598955725883818,0.9546723161731353,0.24321317295933872,0.9333980679215218,8.436577796936035,22211.73140465272,11.0,2.2699058055877686
NVIDIA H100 80GB HBM3,81004MB,1,64,12,0.11885485304712518,0.957335197528163,0.25251718085845765,0.9322278657504233,8.4287109375,22232.462518827484,11.0,2.2699058055877686
NVIDIA H100 80GB HBM3,81004MB,2,64,1,0.701274803137315,0.8058508367486339,0.40369513020781617,0.8740165322179065,4.689512729644775,39959.80196735594,11.5,2.2870712280273438
NVIDIA H100 80GB HBM3,81004MB,2,64,2,0.33304979382439065,0.8966551400273224,0.3182544218031798,0.9015038342794542,4.281900882720947,43763.74071529679,12.0,2.2870712280273438
NVIDIA H100 80GB HBM3,81004MB,2,64,3,0.26986319781662743,0.915738131830601,0.292476745736206,0.9109650433223783,4.361037015914917,42969.59629467543,12.0,2.2870712280273438
NVIDIA H100 80GB HBM3,81004MB,2,64,4,0.24172136071774233,0.922910262978142,0.2690286304226269,0.9168409520964047,4.314289093017578,43435.19777181434,11.5,2.2870712280273438
NVIDIA H100 80GB HBM3,81004MB,2,64,5,0.21784297337429853,0.9301784494535519,0.2532549179602923,0.9246588985160841,4.3113367557525635,43464.94152885765,11.5,2.2870712280273438
NVIDIA H100 80GB HBM3,81004MB,2,64,6,0.19895532924702258,0.9339779713114754,0.24389471600889365,0.9258042027686485,4.308116436004639,43497.431600012176,11.5,2.2870712280273438
NVIDIA H100 80GB HBM3,81004MB,2,64,7,0.18511821529344538,0.9380443135245902,0.2434364134591778,0.9297878697340902,4.303415536880493,43544.946657844426,11.5,2.2870712280273438
NVIDIA H100 80GB HBM3,81004MB,2,64,8,0.16981353015827189,0.9426549692622951,0.24660431212631428,0.926999302858281,4.295227527618408,43627.95656226947,11.0,2.2870712280273438
NVIDIA H100 80GB HBM3,81004MB,2,64,9,0.15767877343329575,0.9454619193989071,0.23873738191755464,0.9305348072901105,4.2817370891571045,43765.414853364964,11.5,2.2870712280273438
NVIDIA H100 80GB HBM3,81004MB,2,64,10,0.14927630762434743,0.9486957821038251,0.23563500531533482,0.931580519868539,4.282341480255127,43759.237992584334,11.5,2.2870712280273438
NVIDIA H100 80GB HBM3,81004MB,2,64,11,0.14020075278911392,0.9505848702185792,0.2504068808365766,0.9310825614978587,4.2795774936676025,43787.50011590627,12.0,2.2870712280273438
NVIDIA H100 80GB HBM3,81004MB,2,64,12,0.13378802337556508,0.9525806864754098,0.24645590864232475,0.9299372572452943,4.277853488922119,43805.14678337353,12.0,2.2870712280273438
NVIDIA H100 80GB HBM3,81004MB,3,64,1,0.7785560988866892,0.7902631915983607,0.3975504067252563,0.8831789662384225,3.335995674133301,56172.73471095998,11.333333333333334,2.6990429560343423
NVIDIA H100 80GB HBM3,81004MB,3,64,2,0.34011972603220186,0.8972368084016393,0.3234251322481288,0.9048401553630117,2.974012851715088,63009.81513645196,16.666666666666668,2.6990429560343423
NVIDIA H100 80GB HBM3,81004MB,3,64,3,0.28213381179471,0.9134061219262295,0.30014525836070405,0.910367493277562,2.903742790222168,64534.64150854162,19.333333333333332,2.6990429560343423
NVIDIA H100 80GB HBM3,81004MB,3,64,4,0.25454374352378434,0.9207223360655737,0.29517041596862,0.9083507618763071,3.463765859603882,54100.654488646716,13.333333333333334,2.6990429560343423
NVIDIA H100 80GB HBM3,81004MB,3,64,5,0.2286251887572227,0.9283107069672131,0.2707020383487362,0.9185091126381835,3.1459712982177734,59565.705544154065,13.333333333333334,2.6990429560343423
NVIDIA H100 80GB HBM3,81004MB,3,64,6,0.21178386913093386,0.9310482838114754,0.24764582074005495,0.9251568568867643,3.111406087875366,60227.43245577476,17.0,2.6990429560343423
NVIDIA H100 80GB HBM3,81004MB,3,64,7,0.19932286885994502,0.9344102202868853,0.244465333518962,0.9273976695548252,3.123892307281494,59986.70298691385,14.666666666666666,2.6990429560343423
NVIDIA H100 80GB HBM3,81004MB,3,64,8,0.18584117222745278,0.9390368852459017,0.24515879254822665,0.9233642067523155,2.8905272483825684,64829.69503396226,16.666666666666668,2.6990429560343423
NVIDIA H100 80GB HBM3,81004MB,3,64,9,0.17340028914622962,0.9412781762295082,0.2372098185783149,0.9277711383328354,3.27065110206604,57295.01379148213,16.0,2.6990429560343423
NVIDIA H100 80GB HBM3,81004MB,3,64,10,0.16095248126943948,0.9450403432377049,0.2362422825223765,0.9286674634000598,3.2969605922698975,56837.80401845325,14.333333333333334,2.6990429560343423
NVIDIA H100 80GB HBM3,81004MB,3,64,11,0.15385638196861035,0.9469134221311475,0.23302240429759416,0.9307588885569167,2.9585702419281006,63338.70237195268,14.333333333333334,2.6990429560343423
NVIDIA H100 80GB HBM3,81004MB,3,64,12,0.1437256130767742,0.9497630635245902,0.2366075526432098,0.9308335823125187,2.894010305404663,64751.66990595681,12.0,2.6990429560343423
NVIDIA H100 80GB HBM3,81004MB,4,64,1,0.7974945731013199,0.7872267759562842,0.4369151463974948,0.877402649138532,2.6390509605407715,71007.34423165563,16.25,3.3022871017456055
NVIDIA H100 80GB HBM3,81004MB,4,64,2,0.36903315088380884,0.8873804644808743,0.3284011762605912,0.9061846429638483,2.4875247478485107,75332.71786022533,26.25,3.3022871017456055
NVIDIA H100 80GB HBM3,81004MB,4,64,3,0.3001126873566479,0.9076588114754098,0.3106929498321447,0.9089732098396575,2.506718158721924,74755.91116934492,21.5,3.3022871017456055
NVIDIA H100 80GB HBM3,81004MB,4,64,4,0.2603459257449283,0.9180114412568307,0.2703700230696467,0.9182352355343093,2.5316669940948486,74019.21360000927,20.75,3.3022871017456055
NVIDIA H100 80GB HBM3,81004MB,4,64,5,0.23456891935542634,0.9268485314207651,0.2721773324087789,0.9167413604222687,2.5019352436065674,74898.82101419714,27.5,3.3022871017456055
NVIDIA H100 80GB HBM3,81004MB,4,64,6,0.21980796773190217,0.9283854166666666,0.24444363485495296,0.9289911363410019,2.506990909576416,74747.77801713767,17.25,3.3022871017456055
NVIDIA H100 80GB HBM3,81004MB,4,64,7,0.2007867654663373,0.9338925887978142,0.24528945202003993,0.9275968529030973,2.5589232444763184,73230.80143357314,17.75,3.3022871017456055
NVIDIA H100 80GB HBM3,81004MB,4,64,8,0.18991067960776917,0.9366675204918032,0.2413583427634969,0.926899711184145,2.1998097896575928,85185.54689638333,20.5,3.3022871017456055
NVIDIA H100 80GB HBM3,81004MB,4,64,9,0.17525150814180165,0.9403389685792349,0.22779672102925314,0.9347674534408923,2.5060994625091553,74774.36662165815,28.25,3.3022871017456055
NVIDIA H100 80GB HBM3,81004MB,4,64,10,0.16794194745744676,0.944031762295082,0.22956674529604792,0.9309829698237228,2.573326826095581,72820.90953224288,29.75,3.3022871017456055
NVIDIA H100 80GB HBM3,81004MB,4,64,11,0.15944876189755855,0.945525956284153,0.23096518875201283,0.9312817448461309,2.5768017768859863,72722.70676033897,23.0,3.3022871017456055
NVIDIA H100 80GB HBM3,81004MB,4,64,12,0.15459752142113822,0.9458247950819673,0.22108227071825245,0.9346678617667563,2.490654468536377,75238.055847273,21.25,3.3022871017456055
NVIDIA H100 80GB HBM3,81004MB,1,128,1,0.6790997280725645,0.8121734768478742,0.366562500903241,0.8924907877701425,5.817502737045288,32211.58776715522,8.0,2.2699058055877686
NVIDIA H100 80GB HBM3,81004MB,1,128,2,0.316585826220037,0.9034318617222812,0.3029918728739293,0.910392391196096,5.440130233764648,34446.050360511814,9.0,2.2699058055877686
NVIDIA H100 80GB HBM3,81004MB,1,128,3,0.2646384829190232,0.9172959213622853,0.27727356970980993,0.9157454436809083,5.416775226593018,34594.56819991829,9.0,2.2699058055877686
NVIDIA H100 80GB HBM3,81004MB,1,128,4,0.23384526297215882,0.9253646119610867,0.2576119777851401,0.9206254357135744,5.412984132766724,34618.79721125644,9.0,2.2699058055877686
NVIDIA H100 80GB HBM3,81004MB,1,128,5,0.21051087234972565,0.9320778479222588,0.24079760803417455,0.9262025694651927,5.412745714187622,34620.32208696225,9.0,2.2699058055877686
NVIDIA H100 80GB HBM3,81004MB,1,128,6,0.19244227755617524,0.9360961839149159,0.2335392675626778,0.9275221591474953,5.411930561065674,34625.53665195225,8.0,2.2699058055877686
NVIDIA H100 80GB HBM3,81004MB,1,128,7,0.17687899735061047,0.94018923000571,0.23547415298338062,0.9277960362513694,5.415937185287476,34599.921230447835,9.0,2.2699058055877686
NVIDIA H100 80GB HBM3,81004MB,1,128,8,0.16339468142688338,0.9442769396609229,0.22739941960916898,0.9304103176974405,5.414314270019531,34610.29239429872,9.0,2.2699058055877686
NVIDIA H100 80GB HBM3,81004MB,1,128,9,0.15242369894757687,0.9471372691324557,0.22963260359206578,0.9340952096404741,5.4099814891815186,34638.01130830682,8.0,2.2699058055877686
NVIDIA H100 80GB HBM3,81004MB,1,128,10,0.14191861781940712,0.9501363459291001,0.22398140623433907,0.9329250074693756,5.409369468688965,34641.93028127857,9.0,2.2699058055877686
NVIDIA H100 80GB HBM3,81004MB,1,128,11,0.13336327764183226,0.9525163961983233,0.23356499772019126,0.9313813365202669,5.406001329421997,34663.51348826539,9.0,2.2699058055877686
NVIDIA H100 80GB HBM3,81004MB,1,128,12,0.12526007388529514,0.9554407628968307,0.22653829026698305,0.9349417388706304,5.4052300453186035,34668.45970085895,9.0,2.2699058055877686
NVIDIA H100 80GB HBM3,81004MB,2,128,1,0.8008568759987263,0.7885181864754098,0.42642253851014394,0.8738671447067026,3.197758436203003,58601.049372105794,8.5,2.2870712280273438
NVIDIA H100 80GB HBM3,81004MB,2,128,2,0.349749253360463,0.8953637295081968,0.32681281418691605,0.9068319888457325,2.7609620094299316,67871.99510894092,11.5,2.2870712280273438
NVIDIA H100 80GB HBM3,81004MB,2,128,3,0.28680500244630164,0.9128884904371585,0.3004436816171683,0.9108654516482422,2.7664716243743896,67736.82345011468,9.5,2.2870712280273438
NVIDIA H100 80GB HBM3,81004MB,2,128,4,0.25560558370513015,0.9206049351092896,0.2804201957079154,0.9152972811472961,2.796659469604492,67005.6551527531,12.5,2.2870712280273438
NVIDIA H100 80GB HBM3,81004MB,2,128,5,0.23193687262634435,0.9268058401639344,0.27776253620249236,0.9125087142714869,2.9463934898376465,63600.466348547954,9.0,2.2870712280273438
NVIDIA H100 80GB HBM3,81004MB,2,128,6,0.21475340210186328,0.9308828551912568,0.24337148855150653,0.927049098695349,3.0777370929718018,60886.292213821944,12.0,2.2870712280273438
NVIDIA H100 80GB HBM3,81004MB,2,128,7,0.20059963479597387,0.9346396857923497,0.25381095427379774,0.9250572652126282,2.95466685295105,63422.37867285694,11.5,2.2870712280273438
NVIDIA H100 80GB HBM3,81004MB,2,128,8,0.1872494410128012,0.9386526639344263,0.24680344152855405,0.9255054277462404,2.9481747150421143,63562.040283397226,9.0,2.2870712280273438
NVIDIA H100 80GB HBM3,81004MB,2,128,9,0.173490818386358,0.942046618852459,0.23307992298756686,0.9305846031271786,2.9422242641448975,63690.59023937524,10.0,2.2870712280273438
NVIDIA H100 80GB HBM3,81004MB,2,128,10,0.16722101431665687,0.9443199282786885,0.23889747968103267,0.9286923613185938,2.767669439315796,67707.50774569587,9.0,2.2870712280273438
NVIDIA H100 80GB HBM3,81004MB,2,128,11,0.1579087947296803,0.9454725922131147,0.23626110166053044,0.9321780699133553,2.7545053958892822,68031.08836877088,9.0,2.2870712280273438
NVIDIA H100 80GB HBM3,81004MB,2,128,12,0.14917640515750713,0.9484929986338798,0.23168417611643086,0.9333731700029877,2.7585980892181396,67930.15652856915,9.5,2.2870712280273438
NVIDIA H100 80GB HBM3,81004MB,3,128,1,0.9127361607111868,0.7626312756147541,0.4596415326903035,0.8639079772930983,2.3139889240264893,80982.23723297945,12.333333333333334,2.6990429560343423
NVIDIA H100 80GB HBM3,81004MB,3,128,2,0.38801178000256664,0.8846535604508197,0.36858561184465405,0.8857185539288915,1.9023914337158203,98503.38719933106,15.333333333333334,2.6990429560343423
NVIDIA H100 80GB HBM3,81004MB,3,128,3,0.31218929017787095,0.9053054559426229,0.3097223328999131,0.9110397370779802,1.9200811386108398,97595.87562824367,18.666666666666668,2.6990429560343423
NVIDIA H100 80GB HBM3,81004MB,3,128,4,0.2776544213325518,0.9146068135245902,0.2831452978095404,0.9156707499253063,1.8814730644226074,99598.55580367157,18.0,2.6990429560343423
NVIDIA H100 80GB HBM3,81004MB,3,128,5,0.2495284040656979,0.9227394979508197,0.2920938439429038,0.9066328054974604,1.8823809623718262,99550.5180651017,13.333333333333334,2.6990429560343423
NVIDIA H100 80GB HBM3,81004MB,3,128,6,0.2339279549807066,0.9253329918032787,0.25584672891830096,0.9241111443083359,1.9777004718780518,94752.46765858834,15.333333333333334,2.6990429560343423
NVIDIA H100 80GB HBM3,81004MB,3,128,7,0.22249402452382397,0.929383324795082,0.2617462924836036,0.9193307439498059,2.1222445964813232,88298.96436569824,19.0,2.6990429560343423
NVIDIA H100 80GB HBM3,81004MB,3,128,8,0.20934851576009247,0.9324570952868853,0.2551434893714231,0.9214968628622647,1.8831305503845215,99510.89156390986,17.666666666666668,2.6990429560343423
NVIDIA H100 80GB HBM3,81004MB,3,128,9,0.19651325555426663,0.9365074282786885,0.24183090812489635,0.9282939946220496,1.896862268447876,98790.51479754254,19.666666666666668,2.6990429560343423
NVIDIA H100 80GB HBM3,81004MB,3,128,10,0.1855530849978572,0.9379962858606558,0.23930449075918964,0.9307588885569167,1.8851368427276611,99404.98522582419,21.0,2.6990429560343423
NVIDIA H100 80GB HBM3,81004MB,3,128,11,0.177876286010151,0.9410060194672131,0.2460984944638331,0.9273976695548252,1.8891351222991943,99194.59851655945,16.0,2.6990429560343423
NVIDIA H100 80GB HBM3,81004MB,3,128,12,0.16759553366936134,0.9425589139344263,0.23433150374198408,0.931505826112937,1.8781805038452148,99773.15791339052,11.0,2.6990429560343423
NVIDIA H100 80GB HBM3,81004MB,4,128,1,1.066799597499149,0.7269680669398907,0.5270961668847294,0.8508116721442087,1.851038932800293,101236.1202562656,17.75,3.3022871017456055
NVIDIA H100 80GB HBM3,81004MB,4,128,2,0.42987118400836904,0.877412056010929,0.40097122957668224,0.8899512000796733,1.4277892112731934,131246.26416871307,18.25,3.3022871017456055
NVIDIA H100 80GB HBM3,81004MB,4,128,3,0.33751171851744416,0.9015326161202186,0.33754378863212514,0.9046907678518076,1.451885461807251,129068.03252010091,17.5,3.3022871017456055
NVIDIA H100 80GB HBM3,81004MB,4,128,4,0.29436035869551486,0.9101989412568307,0.30953378263501435,0.9151478936360921,1.5878987312316895,118012.56359380373,26.5,3.3022871017456055
NVIDIA H100 80GB HBM3,81004MB,4,128,5,0.2691867272751253,0.9172856898907104,0.30135973632044794,0.9117617767154665,1.4339687824249268,130680.66913082232,17.25,3.3022871017456055
NVIDIA H100 80GB HBM3,81004MB,4,128,6,0.2536309046945611,0.9224940232240437,0.2756595965929329,0.9227168608704313,1.4774563312530518,126834.20554370644,22.5,3.3022871017456055
NVIDIA H100 80GB HBM3,81004MB,4,128,7,0.23623620751288418,0.9262935450819673,0.2780899519393696,0.9184344188825814,1.592904806137085,117641.68158575642,24.0,3.3022871017456055
NVIDIA H100 80GB HBM3,81004MB,4,128,8,0.22233446866599588,0.9294526980874317,0.2741929916981242,0.9199282939946221,1.6516411304473877,113458.06092225389,24.5,3.3022871017456055
NVIDIA H100 80GB HBM3,81004MB,4,128,9,0.21069414156382202,0.9329747267759563,0.24641630136329165,0.9284931779703217,1.5374417304992676,121885.59493513063,24.75,3.3022871017456055
NVIDIA H100 80GB HBM3,81004MB,4,128,10,0.20346094942728027,0.9352160177595629,0.2540848333514339,0.9272980778806892,1.5320744514465332,122312.59376662197,20.75,3.3022871017456055
NVIDIA H100 80GB HBM3,81004MB,4,128,11,0.19649913096851337,0.9357069672131147,0.2505407213137784,0.9281944029479136,1.581615924835205,118481.35635048384,22.25,3.3022871017456055
NVIDIA H100 80GB HBM3,81004MB,4,128,12,0.1935105927777095,0.9366034836065574,0.24166425219060367,0.9324768449357633,1.5889701843261719,117932.98694239915,23.75,3.3022871017456055
NVIDIA H100 80GB HBM3,81004MB,1,256,1,0.8235088508964427,0.780448367317534,0.41035010668400596,0.8813614181854397,4.320871829986572,43368.79393170575,7.0,2.3263068199157715
NVIDIA H100 80GB HBM3,81004MB,1,256,2,0.359499072859157,0.890960611768975,0.3251053468780491,0.903470769843641,3.944521427154541,47506.65028968501,7.0,2.3263068199157715
NVIDIA H100 80GB HBM3,81004MB,1,256,3,0.29289738292005546,0.9100116867939229,0.3017467412444275,0.9067323971715965,3.935694932937622,47613.192382299414,7.0,2.3263068199157715
NVIDIA H100 80GB HBM3,81004MB,1,256,4,0.2578185814473608,0.9198574104412699,0.2766029071391145,0.9141768748132656,3.9386346340179443,47577.655053735114,7.0,2.3263068199157715
NVIDIA H100 80GB HBM3,81004MB,1,256,5,0.2343153881985068,0.9258075361143278,0.25956131027414675,0.919704212727816,3.9398515224456787,47562.95990658965,7.0,2.3263068199157715
NVIDIA H100 80GB HBM3,81004MB,1,256,6,0.21616959588314733,0.9304128800209188,0.23954161212995415,0.9273478737177572,3.9396746158599854,47565.09566694119,7.0,2.3263068199157715
NVIDIA H100 80GB HBM3,81004MB,1,256,7,0.2015703190968233,0.9339242546333602,0.24381179547668416,0.9255801215018424,3.934021234512329,47633.44904090978,7.0,2.3263068199157715
NVIDIA H100 80GB HBM3,81004MB,1,256,8,0.1888731052692962,0.9375850494420757,0.24046439302833109,0.9248331839458221,3.9480371475219727,47464.34569837266,7.0,2.3263068199157715
NVIDIA H100 80GB HBM3,81004MB,1,256,9,0.17770781132342503,0.9401465385210602,0.22793718452425596,0.9295388905487502,3.941047430038452,47548.526965627425,7.0,2.3263068199157715
NVIDIA H100 80GB HBM3,81004MB,1,256,10,0.16773083221445384,0.9426546632442326,0.2308903805820273,0.9303854197789064,3.9471166133880615,47475.41518393356,7.0,2.3263068199157715
NVIDIA H100 80GB HBM3,81004MB,1,256,11,0.15858714849372427,0.9452641802434482,0.23355943219362058,0.9300866447564984,3.9392714500427246,47569.96372970631,7.0,2.3263068199157715
NVIDIA H100 80GB HBM3,81004MB,1,256,12,0.14943903763268418,0.947905715856151,0.2291363022153732,0.9320535803206852,3.935180187225342,47619.42047998763,7.0,2.3263068199157715
NVIDIA H100 80GB HBM3,81004MB,2,256,1,1.0001580359342972,0.7468621926229508,0.5091661642704479,0.8563390100587591,2.4842007160186768,75433.51823049356,7.5,2.3434722423553467
NVIDIA H100 80GB HBM3,81004MB,2,256,2,0.4131135832253701,0.880645918715847,0.3872907771234101,0.8932377253261627,2.222780466079712,84305.22170752236,9.0,2.3434722423553467
NVIDIA H100 80GB HBM3,81004MB,2,256,3,0.32951122925418325,0.9036351605191257,0.32975061579881326,0.9052883178966239,2.0520269870758057,91320.43641737806,8.5,2.3434722423553467
NVIDIA H100 80GB HBM3,81004MB,2,256,4,0.29360849446937687,0.9119706284153005,0.31080873383135094,0.91041728911463,2.242431879043579,83566.41811564179,7.5,2.3434722423553467
NVIDIA H100 80GB HBM3,81004MB,2,256,5,0.2645779378264328,0.9195376536885246,0.2995799308949383,0.9085250473060452,2.0515739917755127,91340.60031528457,11.0,2.3434722423553467
NVIDIA H100 80GB HBM3,81004MB,2,256,6,0.24817116017061505,0.9223232581967213,0.27699070613871724,0.9191813564386018,2.3237783908843994,80641.08037801362,8.0,2.3434722423553467
NVIDIA H100 80GB HBM3,81004MB,2,256,7,0.23239754547512598,0.9280545594262295,0.2749216490123818,0.9200776815058261,2.072180986404419,90432.25530466647,14.0,2.3434722423553467
NVIDIA H100 80GB HBM3,81004MB,2,256,8,0.2164184857628059,0.9315979337431693,0.26667037162513874,0.9216711482920028,2.3308756351470947,80395.53770022323,11.0,2.3434722423553467
NVIDIA H100 80GB HBM3,81004MB,2,256,9,0.2067231576828683,0.9336364412568307,0.24615832080808772,0.9276964445772333,2.0778517723083496,90185.45138656376,8.0,2.3434722423553467
NVIDIA H100 80GB HBM3,81004MB,2,256,10,0.20004040727524158,0.9360805157103825,0.2519822141917836,0.9264017528134648,2.2400901317596436,83653.77684727318,9.0,2.3434722423553467
NVIDIA H100 80GB HBM3,81004MB,2,256,11,0.18946336146668008,0.9371584699453552,0.25372431580021426,0.9226172691962952,2.0733883380889893,90379.59583235448,9.5,2.3434722423553467
NVIDIA H100 80GB HBM3,81004MB,2,256,12,0.1815512481201542,0.9393463968579235,0.24448235043431288,0.927049098695349,2.332505941390991,80339.34519722968,6.5,2.3434722423553467
NVIDIA H100 80GB HBM3,81004MB,3,256,1,1.1791034966218668,0.7058945952868853,0.5690086239268255,0.8411263818344786,1.9501116275787354,96092.96070536562,9.0,2.7546265920003257
NVIDIA H100 80GB HBM3,81004MB,3,256,2,0.4734425330992605,0.8644339139344263,0.42895828061471386,0.8813116223483717,1.4805123805999756,126572.39645916344,18.333333333333332,2.7546265920003257
NVIDIA H100 80GB HBM3,81004MB,3,256,3,0.3749950769983354,0.890288806352459,0.35863515335764856,0.8995368987152674,1.6424686908721924,114091.67251796447,15.666666666666666,2.7546265920003257
NVIDIA H100 80GB HBM3,81004MB,3,256,4,0.3224736254845486,0.9038326075819673,0.32786058770531074,0.9039438302957873,1.4875879287719727,125970.36879338961,15.666666666666666,2.7546265920003257
NVIDIA H100 80GB HBM3,81004MB,3,256,5,0.29372325735013993,0.9128137807377049,0.30842790441670487,0.9098446369883477,1.4044547080993652,133426.8730200604,15.0,2.7546265920003257
NVIDIA H100 80GB HBM3,81004MB,3,256,6,0.2746401325356765,0.9154713114754098,0.29393298253038586,0.9129070809680311,1.665846586227417,112490.55078017715,16.666666666666668,2.7546265920003257
NVIDIA H100 80GB HBM3,81004MB,3,256,7,0.2585938199133169,0.9206422899590164,0.2844464231158927,0.9183597251269794,1.364910364151001,137292.53211185132,13.666666666666666,2.7546265920003257
NVIDIA H100 80GB HBM3,81004MB,3,256,8,0.24738276963595485,0.9235079405737705,0.29110552679523627,0.9086495368987153,1.4265155792236328,131363.44441606887,17.0,2.7546265920003257
NVIDIA H100 80GB HBM3,81004MB,3,256,9,0.23837991413034376,0.9249967981557377,0.2623428271881388,0.9204511502838363,1.5505859851837158,120852.37567641081,13.666666666666666,2.7546265920003257
NVIDIA H100 80GB HBM3,81004MB,3,256,10,0.22209163046762592,0.9288230020491803,0.26545500546061607,0.9187331939049895,1.3645541667938232,137328.3703645851,16.333333333333332,2.7546265920003257
NVIDIA H100 80GB HBM3,81004MB,3,256,11,0.21487789674371968,0.9312724129098361,0.26371213958036877,0.9176127875709591,1.360901117324829,137696.99915329853,15.0,2.7546265920003257
NVIDIA H100 80GB HBM3,81004MB,3,256,12,0.20716839479129823,0.9336737961065574,0.26313473089242784,0.9226919629518973,1.550908088684082,120827.27620499986,12.666666666666666,2.7546265920003257
NVIDIA H100 80GB HBM3,81004MB,4,256,1,1.385719423737031,0.6617571721311475,0.6558053578979975,0.8250174285429738,1.5644690990447998,119779.93053005253,13.25,3.3586881160736084
NVIDIA H100 80GB HBM3,81004MB,4,256,2,0.5252574060132594,0.8577313866120219,0.4681682141223,0.8766059157454437,1.1332221031188965,165362.1117027745,19.5,3.3586881160736084
NVIDIA H100 80GB HBM3,81004MB,4,256,3,0.41026322177199065,0.8855874316939891,0.39698933994683383,0.8928393586296186,1.1629440784454346,161135.8649768407,19.5,3.3586881160736084
NVIDIA H100 80GB HBM3,81004MB,4,256,4,0.3469253300480504,0.9012337773224044,0.36049406367128983,0.9029977093914948,1.3056938648223877,143519.09360123306,20.0,3.3586881160736084
NVIDIA H100 80GB HBM3,81004MB,4,256,5,0.3132689114802522,0.9100281762295082,0.337691389980716,0.9048899512000796,1.0662164688110352,175754.17889480316,20.0,3.3586881160736084
NVIDIA H100 80GB HBM3,81004MB,4,256,6,0.2946833333031076,0.9131232923497268,0.3082952595911063,0.917538093815357,1.1445367336273193,163727.37937917336,20.25,3.3586881160736084
NVIDIA H100 80GB HBM3,81004MB,4,256,7,0.26892273380456727,0.9196550546448088,0.3052451492584674,0.9161438103774524,1.0828614234924316,173052.6140599095,19.25,3.3586881160736084
NVIDIA H100 80GB HBM3,81004MB,4,256,8,0.2583464048599285,0.9213200136612022,0.29348233724160444,0.9188327855791256,1.2581796646118164,148938.98325547623,16.75,3.3586881160736084
NVIDIA H100 80GB HBM3,81004MB,4,256,9,0.24635582339893924,0.9234972677595629,0.2764470941213578,0.9207250273877103,1.0667335987091064,175668.97698429108,16.25,3.3586881160736084
NVIDIA H100 80GB HBM3,81004MB,4,256,10,0.23550930012607835,0.9266137295081968,0.2682737557996781,0.9249078777014241,1.062002420425415,176451.5752468199,16.75,3.3586881160736084
NVIDIA H100 80GB HBM3,81004MB,4,256,11,0.22659377077889573,0.9295167349726776,0.26010065800983845,0.9257046110945125,1.2285716533660889,152528.34418454638,20.5,3.3586881160736084
NVIDIA H100 80GB HBM3,81004MB,4,256,12,0.22042848837505924,0.9304986338797814,0.2584353508927672,0.9237127776117916,1.4201760292053223,131949.84012288786,21.75,3.3586881160736084
NVIDIA H100 80GB HBM3,81004MB,1,512,1,1.045026233022449,0.7341974801351185,0.5306083048295837,0.8530524848122697,3.6867713928222656,50827.941316033175,5.0,2.4611783027648926
NVIDIA H100 80GB HBM3,81004MB,1,512,2,0.438025908911014,0.873691906228154,0.39304325957481584,0.889154466686585,3.3235414028167725,56382.929317860195,5.0,2.4611783027648926
NVIDIA H100 80GB HBM3,81004MB,1,512,3,0.34268725393778293,0.8987464712819719,0.32844759364038356,0.9066079075789264,3.3286211490631104,56296.8843879226,5.0,2.4611783027648926
NVIDIA H100 80GB HBM3,81004MB,1,512,4,0.29689997821333314,0.9114792065787578,0.3039646890727116,0.9106164724629021,3.244828462600708,57750.66452967667,5.0,2.4611783027648926
NVIDIA H100 80GB HBM3,81004MB,1,512,5,0.2717853679599143,0.9173492857180975,0.2939630847755579,0.9124340205158848,3.31491756439209,56529.61087566741,5.0,2.4636306762695312
NVIDIA H100 80GB HBM3,81004MB,1,512,6,0.2531608281902645,0.9221574141767748,0.2741327218896138,0.9194054377054078,3.316758871078491,56498.22832585571,5.0,2.4636306762695312
NVIDIA H100 80GB HBM3,81004MB,1,512,7,0.23538277122725354,0.9264692541263988,0.2734780826424712,0.917562991733891,3.2280161380767822,58051.4445976858,5.0,2.4636306762695312
NVIDIA H100 80GB HBM3,81004MB,1,512,8,0.22261236941889298,0.9297404891376854,0.25958825485923115,0.9230405338113734,3.3231565952301025,56389.45822443996,5.0,2.4636306762695312
NVIDIA H100 80GB HBM3,81004MB,1,512,9,0.21242384017041832,0.9323179875234137,0.24672148959853477,0.9264764465690668,3.317373037338257,56487.76845137559,3.0,2.4636306762695312
NVIDIA H100 80GB HBM3,81004MB,1,512,10,0.20267128420064018,0.9346179912589185,0.24356428026773103,0.9278956279255054,3.2259538173675537,58088.5563181791,4.0,2.4636306762695312
NVIDIA H100 80GB HBM3,81004MB,1,512,11,0.1956494775561275,0.9365337716325758,0.24746367137349706,0.9251568568867643,3.314213514328003,56541.61966025167,5.0,2.4636306762695312
NVIDIA H100 80GB HBM3,81004MB,1,512,12,0.18535096246131239,0.938913821901799,0.24007086264233513,0.92916542177074,3.319044828414917,56459.31576329227,3.0,2.4636306762695312
NVIDIA H100 80GB HBM3,81004MB,2,512,1,1.2963147974405131,0.68768143784153,0.5992950934917848,0.8385121003884075,2.062958002090454,90836.55595999063,6.5,2.4807960987091064
NVIDIA H100 80GB HBM3,81004MB,2,512,2,0.48294218723239796,0.8659174351092896,0.4361124888630861,0.8732695946618863,1.717944622039795,109079.18543817835,10.0,2.4807960987091064
NVIDIA H100 80GB HBM3,81004MB,2,512,3,0.37221598967176966,0.8942964480874317,0.3741271981245825,0.896225475550244,1.7350375652313232,108004.5779729363,11.0,2.4807960987091064
NVIDIA H100 80GB HBM3,81004MB,2,512,4,0.32420965157897097,0.9061646174863388,0.33900510559292407,0.9015536301165222,1.6293561458587646,115009.84635942415,11.5,2.4807960987091064
NVIDIA H100 80GB HBM3,81004MB,2,512,5,0.2920388118491147,0.9133154030054644,0.32336570733738734,0.9038442386216512,1.7714550495147705,105784.2252623512,9.5,2.4807960987091064
NVIDIA H100 80GB HBM3,81004MB,2,512,6,0.2715873968242947,0.9182248975409836,0.2942661497326038,0.9164425853998606,1.7743401527404785,105612.2185537942,8.0,2.4807960987091064
NVIDIA H100 80GB HBM3,81004MB,2,512,7,0.25354182964465655,0.924500512295082,0.28751579060602944,0.917488297978289,1.6743988990783691,111915.98376178175,10.0,2.4807960987091064
NVIDIA H100 80GB HBM3,81004MB,2,512,8,0.24186738910245115,0.9269979508196722,0.2801511115363461,0.9205756398765064,1.7658979892730713,106117.11499662536,8.0,2.4807960987091064
NVIDIA H100 80GB HBM3,81004MB,2,512,9,0.23155504994379367,0.9277770662568307,0.2679571603181744,0.9231152275669754,1.76542067527771,106145.80571314668,9.0,2.4807960987091064
NVIDIA H100 80GB HBM3,81004MB,2,512,10,0.2234587807798646,0.9308721823770492,0.2619947995124211,0.9237625734488597,1.6372432708740234,114455.80710798276,11.0,2.4807960987091064
NVIDIA H100 80GB HBM3,81004MB,2,512,11,0.2151310074199093,0.9326011782786885,0.2570433082357131,0.9226172691962952,1.7339496612548828,108072.34153751723,12.5,2.4807960987091064
NVIDIA H100 80GB HBM3,81004MB,2,512,12,0.20407447829598285,0.9352800546448088,0.2491566027502486,0.9285927696444577,1.7328801155090332,108139.04454374424,8.0,2.4807960987091064
NVIDIA H100 80GB HBM3,81004MB,3,512,1,1.5789571976075407,0.6215420081967213,0.7156257092649986,0.8104272482820436,1.5206944942474365,123227.90718903525,8.666666666666666,2.8903156916300454
NVIDIA H100 80GB HBM3,81004MB,3,512,2,0.5814058871054258,0.8425172899590164,0.5096482396980596,0.8549447266208545,1.119401216506958,167403.78448466267,15.333333333333334,2.8903156916300454
NVIDIA H100 80GB HBM3,81004MB,3,512,3,0.44526875874058147,0.8728707735655737,0.4193013003683104,0.8851210038840753,1.2358191013336182,151633.84333336356,16.0,2.8903156916300454
NVIDIA H100 80GB HBM3,81004MB,3,512,4,0.3778934797546903,0.8914734887295082,0.3807398711865718,0.8887809979085748,1.1115729808807373,168582.7230628824,12.333333333333334,2.8903156916300454
NVIDIA H100 80GB HBM3,81004MB,3,512,5,0.33715458263139253,0.9004386526639344,0.34201615198462765,0.9048401553630117,1.2435407638549805,150692.2856465792,11.333333333333334,2.8903156916300454
NVIDIA H100 80GB HBM3,81004MB,3,512,6,0.3063771393699724,0.9097079918032787,0.3209197207782245,0.9084254556319091,1.133274793624878,165354.42335270724,10.333333333333334,2.8903156916300454
NVIDIA H100 80GB HBM3,81004MB,3,512,7,0.2906002760177753,0.9140945184426229,0.3113596799803165,0.9120854496564087,1.134793758392334,165133.0901444848,14.333333333333334,2.8903156916300454
NVIDIA H100 80GB HBM3,81004MB,3,512,8,0.2772902702210379,0.9170882428278688,0.3022681891935991,0.9117119808783986,1.217498540878296,153915.5848719265,13.666666666666666,2.8903156916300454
NVIDIA H100 80GB HBM3,81004MB,3,512,9,0.2644378611298858,0.9195376536885246,0.29547699521041676,0.9140274873020615,1.2207918167114258,153500.37363847782,14.333333333333334,2.8903156916300454
NVIDIA H100 80GB HBM3,81004MB,3,512,10,0.24891757879589424,0.9234439036885246,0.28773928787375624,0.9149238123692859,1.1202361583709717,167279.01398264297,13.333333333333334,2.8903156916300454
NVIDIA H100 80GB HBM3,81004MB,3,512,11,0.2400784630511628,0.9251248719262295,0.2829678376503834,0.9144009560800717,1.1322212219238281,165508.2914640926,14.666666666666666,2.8903156916300454
NVIDIA H100 80GB HBM3,81004MB,3,512,12,0.2326616909904558,0.9288069928278688,0.26498255635825135,0.9220944129070809,1.2115981578826904,154665.14106250706,15.0,2.8903156916300454
NVIDIA H100 80GB HBM3,81004MB,4,512,1,1.8369836090692406,0.5728739754098361,0.8218457976514013,0.7879693257643661,1.3303179740905762,140862.56342443524,8.25,3.4960122108459473
NVIDIA H100 80GB HBM3,81004MB,4,512,2,0.6762995306259948,0.8196294398907104,0.6144911587600416,0.8356737376755303,0.928605318069458,201799.40428252364,15.0,3.4960122108459473
NVIDIA H100 80GB HBM3,81004MB,4,512,3,0.5293880960003274,0.8534622609289617,0.5090688641488511,0.8618663479733094,0.8757619857788086,213975.9467103995,9.5,3.4960122108459473
NVIDIA H100 80GB HBM3,81004MB,4,512,4,0.4414875435698879,0.8743382855191257,0.4426929102263571,0.8752116323075391,0.888566255569458,210892.54608245904,15.5,3.4960122108459473
NVIDIA H100 80GB HBM3,81004MB,4,512,5,0.3816782275184256,0.8932718579234973,0.40526381908167336,0.8865650831590479,0.8737702369689941,214463.70232298222,16.25,3.4960122108459473
NVIDIA H100 80GB HBM3,81004MB,4,512,6,0.35414217217046706,0.8982026980874317,0.3594363979069957,0.9040932178069914,0.9764511585235596,191911.28851067738,15.5,3.4960122108459473
NVIDIA H100 80GB HBM3,81004MB,4,512,7,0.3249536448163413,0.9050546448087432,0.34760529963384407,0.9052883178966239,0.8788247108459473,213230.2354352536,14.75,3.4960122108459473
NVIDIA H100 80GB HBM3,81004MB,4,512,8,0.3074489395475127,0.909878756830601,0.3359720038235063,0.9081764764465691,0.8792402744293213,213129.45442771993,15.25,3.4960122108459473
NVIDIA H100 80GB HBM3,81004MB,4,512,9,0.28717656034589467,0.9166666666666666,0.31849454005701755,0.9133552435016432,1.0685040950775146,175377.89594190152,13.5,3.4960122108459473
NVIDIA H100 80GB HBM3,81004MB,4,512,10,0.27914216283892024,0.9168587773224044,0.3079602478474405,0.9145503435912757,0.8722009658813477,214849.5671644239,14.75,3.4960122108459473
NVIDIA H100 80GB HBM3,81004MB,4,512,11,0.2650546368028297,0.9202313866120219,0.2983800445363028,0.9158450353550444,0.9627594947814941,194640.51096429862,20.25,3.4960122108459473
NVIDIA H100 80GB HBM3,81004MB,4,512,12,0.25764931534808844,0.9225580601092896,0.28673627479013936,0.9177372771636291,0.9392807483673096,199505.84564384108,15.25,3.4960122108459473
NVIDIA H100 80GB HBM3,81004MB,1,1024,1,1.34086961366808,0.6708539897860623,0.651713020986039,0.8250921222985759,3.304157018661499,56713.70910693323,3.0,2.7014951705932617
NVIDIA H100 80GB HBM3,81004MB,1,1024,2,0.5266294368075203,0.8571329466196349,0.4578151147259432,0.8805895827108854,2.929835081100464,63959.572744829995,3.0,2.7014951705932617
NVIDIA H100 80GB HBM3,81004MB,1,1024,3,0.40580240338219326,0.8860457545986734,0.3786143001041711,0.8947564983567374,2.9203968048095703,64166.280312109564,5.0,2.7014951705932617
NVIDIA H100 80GB HBM3,81004MB,1,1024,4,0.3499229677720993,0.8995255908768297,0.3465445145419983,0.903196892739767,2.9292240142822266,63972.91538179543,5.0,2.7014951705932617
NVIDIA H100 80GB HBM3,81004MB,1,1024,5,0.316245453824639,0.9072367402916895,0.3331815827036507,0.9029479135544268,2.9250171184539795,64064.924207707096,5.0,2.7014951705932617
NVIDIA H100 80GB HBM3,81004MB,1,1024,6,0.29007681747743347,0.9143181903079657,0.3026605961380009,0.9136291206055174,3.0157337188720703,62137.78054319963,5.0,2.7014951705932617
NVIDIA H100 80GB HBM3,81004MB,1,1024,7,0.27293869538442206,0.9184912829324781,0.30478369456555143,0.9086495368987153,2.9178547859191895,64222.18161928427,5.0,2.7014951705932617
NVIDIA H100 80GB HBM3,81004MB,1,1024,8,0.26057318523303935,0.9206258571649653,0.28816223246335815,0.9157205457623743,3.0076582431793213,62304.618692951495,5.0,2.7014951705932617
NVIDIA H100 80GB HBM3,81004MB,1,1024,9,0.24963789307350248,0.9235662331702162,0.27237697900344787,0.919778906483418,2.923922300338745,64088.91234157973,5.0,2.7014951705932617
NVIDIA H100 80GB HBM3,81004MB,1,1024,10,0.2383990718910985,0.9265706464024419,0.2675620380678852,0.9231650234040434,2.9197440147399902,64180.62647066941,5.0,2.7014951705932617
NVIDIA H100 80GB HBM3,81004MB,1,1024,11,0.2304211576586081,0.9285077725184241,0.2628990516471692,0.9221193108256149,2.922928810119629,64110.69587162833,5.0,2.7014951705932617
NVIDIA H100 80GB HBM3,81004MB,1,1024,12,0.22028600594448483,0.931175990309033,0.26692094777984077,0.919704212727816,2.9248831272125244,64067.85907325726,5.0,2.7014951705932617
NVIDIA H100 80GB HBM3,81004MB,2,1024,1,1.8507285026904663,0.5702698087431693,0.8400983644035183,0.7840354546359924,2.0440175533294678,91678.27335668431,7.0,2.718660831451416
NVIDIA H100 80GB HBM3,81004MB,2,1024,2,0.6939295888598499,0.814880037568306,0.6489950945244143,0.8215815157852804,1.5862932205200195,118132.00584603712,6.0,2.718660831451416
NVIDIA H100 80GB HBM3,81004MB,2,1024,3,0.5413170095349922,0.8524910348360656,0.5242726298195826,0.8550443182949905,1.611154556274414,116309.1394740674,8.0,2.718660831451416
NVIDIA H100 80GB HBM3,81004MB,2,1024,4,0.45974204839904453,0.8724278517759563,0.4694739044359654,0.8650034857085948,1.5858418941497803,118165.62589958991,6.5,2.718660831451416
NVIDIA H100 80GB HBM3,81004MB,2,1024,5,0.39919591764283313,0.8884050546448088,0.4143174937101204,0.8845732496763271,1.6827430725097656,111361.02894217233,10.0,2.718660831451416
NVIDIA H100 80GB HBM3,81004MB,2,1024,6,0.36391342011957223,0.8962922643442623,0.37543573095829125,0.8990140424260532,1.497180461883545,125163.26840403017,5.0,2.718660831451416
NVIDIA H100 80GB HBM3,81004MB,2,1024,7,0.3352289159115546,0.9044569672131147,0.3703883959321954,0.894034458719251,1.6000041961669922,117119.69284138172,11.0,2.718660831451416
NVIDIA H100 80GB HBM3,81004MB,2,1024,8,0.3146491084919601,0.9084272540983607,0.346686045842251,0.9036948511104471,1.6719300746917725,112081.24241353008,8.5,2.718660831451416
NVIDIA H100 80GB HBM3,81004MB,2,1024,9,0.2971775204431815,0.9131126195355191,0.32833509919605647,0.9093715765362016,1.666321039199829,112458.52125229484,22.5,2.718660831451416
NVIDIA H100 80GB HBM3,81004MB,2,1024,10,0.28557407025431025,0.9164532103825137,0.32044849422701965,0.9084254556319091,1.588843584060669,117942.38393251714,6.5,2.718660831451416
NVIDIA H100 80GB HBM3,81004MB,2,1024,11,0.2754063186098318,0.917296362704918,0.32235122043385284,0.908076884772433,1.5835990905761719,118332.98030742104,8.0,2.718660831451416
NVIDIA H100 80GB HBM3,81004MB,2,1024,12,0.2639661024177009,0.9204982069672131,0.30175232488360376,0.9154466686585001,1.6818978786468506,111416.99051952182,10.0,2.718660831451416
NVIDIA H100 80GB HBM3,81004MB,3,1024,1,2.346700239376944,0.4659163678278688,1.009005209920226,0.7449955183746638,1.4718520641326904,127317.14318750055,6.0,3.1306324005126953
NVIDIA H100 80GB HBM3,81004MB,3,1024,2,0.8051234337150074,0.7904232838114754,0.6820891690069004,0.816029279952196,1.037116527557373,180685.57873756718,10.333333333333334,3.1306324005126953
NVIDIA H100 80GB HBM3,81004MB,3,1024,3,0.6185061824126322,0.8322233606557377,0.5706749453913607,0.8379145503435913,1.0460076332092285,179149.7442758305,7.0,3.1306324005126953
NVIDIA H100 80GB HBM3,81004MB,3,1024,4,0.5307091464761828,0.8539798924180327,0.49795282563772847,0.8592022706901703,1.209848403930664,154888.82689036417,12.0,3.1306324005126953
NVIDIA H100 80GB HBM3,81004MB,3,1024,5,0.465634039190949,0.8695728739754098,0.4485684560863944,0.874962653122199,1.1436219215393066,163858.34904928348,13.0,3.1306324005126953
NVIDIA H100 80GB HBM3,81004MB,3,1024,6,0.41813698899550517,0.8843013575819673,0.410220620692364,0.8875858978189424,1.055077314376831,177609.73290443732,9.333333333333334,3.1306324005126953
NVIDIA H100 80GB HBM3,81004MB,3,1024,7,0.3889659687143857,0.8914254610655737,0.39037616132870695,0.889154466686585,1.1438467502593994,163826.14188264607,10.666666666666666,3.1306324005126953
NVIDIA H100 80GB HBM3,81004MB,3,1024,8,0.3657213478791909,0.8972848360655737,0.36731752589420663,0.8952046608903496,1.1301956176757812,165804.92533263128,11.666666666666666,3.1306324005126953
NVIDIA H100 80GB HBM3,81004MB,3,1024,9,0.34079594494866544,0.9030321465163934,0.35124377673477924,0.9008066925605019,1.140712022781372,164276.34342196758,12.0,3.1306324005126953
NVIDIA H100 80GB HBM3,81004MB,3,1024,10,0.32313748510157475,0.9061219262295082,0.3406458196709111,0.903271586495369,1.0569062232971191,177302.39057105075,12.0,3.1306324005126953
NVIDIA H100 80GB HBM3,81004MB,3,1024,11,0.3069042016248234,0.9107485911885246,0.32342016250830036,0.91029279952196,1.128162145614624,166103.78280145946,12.333333333333334,3.1306324005126953
NVIDIA H100 80GB HBM3,81004MB,3,1024,12,0.2999618840022165,0.9105884989754098,0.3197569067901307,0.908051986853899,1.1276819705963135,166174.51097573893,12.333333333333334,3.1306324005126953
NVIDIA H100 80GB HBM3,81004MB,4,1024,1,2.7555360383674747,0.39613217213114754,1.2095851517925105,0.6871825515386913,1.2691874504089355,147647.22101500595,8.75,3.7338767051696777
NVIDIA H100 80GB HBM3,81004MB,4,1024,2,0.9403647728305046,0.7583034494535519,0.7888016969651153,0.7964346180659296,0.9140875339508057,205004.4367086676,12.5,3.7338767051696777
NVIDIA H100 80GB HBM3,81004MB,4,1024,3,0.6985049619049323,0.8165983606557377,0.666672042951013,0.8289015038342794,0.8142073154449463,230152.68525018645,12.75,3.7338767051696777
NVIDIA H100 80GB HBM3,81004MB,4,1024,4,0.5956192583334251,0.840697575136612,0.5797961385835868,0.8485210636390798,0.8930633068084717,209830.58935617932,28.25,3.7338767051696777
NVIDIA H100 80GB HBM3,81004MB,4,1024,5,0.5254160162529659,0.8581156079234973,0.5357815908929786,0.8592769644457723,0.9185893535614014,203999.7516555956,13.75,3.7338767051696777
NVIDIA H100 80GB HBM3,81004MB,4,1024,6,0.4861171698309685,0.8711364412568307,0.4860380892585727,0.8732197988248183,0.8086941242218018,231721.72813834334,8.25,3.7338767051696777
NVIDIA H100 80GB HBM3,81004MB,4,1024,7,0.445496792024602,0.8794612363387978,0.4597819385603597,0.8786973409023006,0.8889510631561279,210801.25528472205,11.75,3.7338767051696777
NVIDIA H100 80GB HBM3,81004MB,4,1024,8,0.41424640296586873,0.8866547131147541,0.4344671537630136,0.8861667164625038,0.9060573577880859,206821.34347153368,12.75,3.7338767051696777
NVIDIA H100 80GB HBM3,81004MB,4,1024,9,0.3897266387939453,0.8931224385245902,0.407930272729757,0.8918434418882581,0.8052239418029785,232720.3530242906,11.25,3.7338767051696777
NVIDIA H100 80GB HBM3,81004MB,4,1024,10,0.3697609709260242,0.8974769467213115,0.3956449773578503,0.8960262922019719,0.9186201095581055,203992.92161168053,10.75,3.7338767051696777
NVIDIA H100 80GB HBM3,81004MB,4,1024,11,0.35350862682842815,0.9008282103825137,0.37531401193981306,0.9014042426053182,0.8170030117034912,229365.12756455882,13.25,3.7338767051696777
NVIDIA H100 80GB HBM3,81004MB,4,1024,12,0.33717391220598275,0.9060578893442623,0.3595336768455257,0.9038940344587193,0.9191749095916748,203869.79457831936,12.75,3.7338767051696777
NVIDIA H100 80GB HBM3,81004MB,1,2048,1,1.8611853423108846,0.5665160013020902,0.8274185850187883,0.7835872921023802,3.6150362491607666,51836.54798579211,5.0,3.1281802654266357
NVIDIA H100 80GB HBM3,81004MB,1,2048,2,0.6761275933548047,0.8203915876429497,0.6043146621681117,0.8310178269096703,2.9357409477233887,63830.904475859206,4.0,3.1281802654266357
NVIDIA H100 80GB HBM3,81004MB,1,2048,3,0.5302955587041893,0.8551691383257467,0.5008415519069265,0.8635594064336222,3.039229154586792,61657.4106355851,4.0,3.1281802654266357
NVIDIA H100 80GB HBM3,81004MB,1,2048,4,0.44484186123533404,0.878174512116377,0.4433317942372856,0.8738920426252366,2.938108444213867,63779.47021289718,4.0,3.1281802654266357
NVIDIA H100 80GB HBM3,81004MB,1,2048,5,0.3936120669104822,0.8897065494073888,0.404483356032164,0.8835524350164327,3.040781259536743,61625.93886432615,4.0,3.1281802654266357
NVIDIA H100 80GB HBM3,81004MB,1,2048,6,0.35626344567859486,0.90031538334285,0.35904556555572753,0.9033711781695051,2.9347264766693115,63852.969429939636,5.0,3.1281802654266357
NVIDIA H100 80GB HBM3,81004MB,1,2048,7,0.3325586776751567,0.9040295425073777,0.35365833436608163,0.8989144507519171,2.9433414936065674,63666.074903997636,4.0,3.1281802654266357
NVIDIA H100 80GB HBM3,81004MB,1,2048,8,0.31459211653856467,0.9077063466228368,0.33119366235994696,0.9069813763569365,2.9374706745147705,63793.31770893488,5.0,3.1281802654266357
NVIDIA H100 80GB HBM3,81004MB,1,2048,9,0.29559753256691956,0.9136244536824074,0.31652338116153067,0.9117866746340006,3.033040761947632,61783.21186810198,5.0,3.1281802654266357
NVIDIA H100 80GB HBM3,81004MB,1,2048,10,0.28295350129254543,0.9168263150311381,0.3074454972705047,0.9117368787969325,2.93735933303833,63795.735813557236,4.0,3.1281802654266357
NVIDIA H100 80GB HBM3,81004MB,1,2048,11,0.27250140948272844,0.9192010288647801,0.30131245362557996,0.9131560601533711,2.945859670639038,63611.651928874715,4.0,3.1281802654266357
NVIDIA H100 80GB HBM3,81004MB,1,2048,12,0.2616170938882149,0.9220186668516631,0.28773542907997596,0.9183597251269794,2.928023338317871,63999.148349567055,4.0,3.1281802654266357
NVIDIA H100 80GB HBM3,81004MB,2,2048,1,2.589720255690194,0.43621926229508196,1.173771444051796,0.7081465989443283,2.0147018432617188,93012.2740626574,2.5,3.1428935527801514
NVIDIA H100 80GB HBM3,81004MB,2,2048,2,0.8987304467321093,0.7696379781420765,0.7716777417754975,0.7992231849417388,1.5289678573608398,122561.11146996799,3.5,3.1428935527801514
NVIDIA H100 80GB HBM3,81004MB,2,2048,3,0.6793020686816648,0.8197788592896175,0.6403706528765072,0.8290508913454835,1.5379176139831543,121847.87942876933,3.0,3.1428935527801514
NVIDIA H100 80GB HBM3,81004MB,2,2048,4,0.5818722339275756,0.8437073087431693,0.5685132728868623,0.8479235135942635,1.511650562286377,123965.15747433648,3.0,3.1428935527801514
NVIDIA H100 80GB HBM3,81004MB,2,2048,5,0.5080838630108234,0.863003756830601,0.5072280079105581,0.8625136938551937,1.5382068157196045,121824.97053384477,7.0,3.1428935527801514
NVIDIA H100 80GB HBM3,81004MB,2,2048,6,0.46220381175234015,0.8733136953551912,0.4686916813754475,0.8735185738472264,1.5319409370422363,122323.25376838827,6.0,3.1428935527801514
NVIDIA H100 80GB HBM3,81004MB,2,2048,7,0.417497383766487,0.8848936987704918,0.43259104402188037,0.8823324370082661,1.5342648029327393,122137.97751326965,3.0,3.1428935527801514
NVIDIA H100 80GB HBM3,81004MB,2,2048,8,0.3844046426601097,0.892578125,0.4091983002390404,0.8883577332934967,1.5290634632110596,122553.4482437201,5.5,3.1428935527801514
NVIDIA H100 80GB HBM3,81004MB,2,2048,9,0.36199229157687535,0.8979999146174863,0.38702840406027295,0.8924409919330744,1.53117036819458,122384.81353381726,3.0,3.1428935527801514
NVIDIA H100 80GB HBM3,81004MB,2,2048,10,0.3433558061474659,0.9026639344262295,0.37312400316102207,0.8946320087640673,1.5209085941314697,123210.56026842435,3.5,3.1428935527801514
NVIDIA H100 80GB HBM3,81004MB,2,2048,11,0.32953069835412696,0.9040300546448088,0.3562267682203531,0.8998107758191415,1.5250890254974365,122872.82700685527,6.0,3.1428935527801514
NVIDIA H100 80GB HBM3,81004MB,2,2048,12,0.31609866071919923,0.9086727288251366,0.342359373788769,0.9023503635096106,1.5324840545654297,122279.90199424242,5.0,3.1428935527801514
NVIDIA H100 80GB HBM3,81004MB,3,2048,1,3.179487826394253,0.3155737704918033,1.4606004665244825,0.6442336420675232,1.5795838832855225,118633.77563097571,8.0,3.5573174158732095
NVIDIA H100 80GB HBM3,81004MB,3,2048,2,1.0977218737367724,0.7267386014344263,0.8604319803494641,0.7833134149985062,1.102900743484497,169908.30870958976,8.333333333333334,3.5573174158732095
NVIDIA H100 80GB HBM3,81004MB,3,2048,3,0.755393452331668,0.8053118596311475,0.7020564420671295,0.8108754108156558,0.9974420070648193,187872.5767239741,9.666666666666666,3.5573174158732095
NVIDIA H100 80GB HBM3,81004MB,3,2048,4,0.6413559640040163,0.8296138575819673,0.5974506862953524,0.8417239318792948,1.09920334815979,170479.83006394465,8.333333333333334,3.5573174158732095
NVIDIA H100 80GB HBM3,81004MB,3,2048,5,0.5540594243612446,0.8510021772540983,0.5501363623452108,0.8435165820137437,1.091228723526001,171725.68496409722,10.0,3.5573174158732095
NVIDIA H100 80GB HBM3,81004MB,3,2048,6,0.49982295270825994,0.8649782274590164,0.49117298391743636,0.8669704212727816,1.1920971870422363,157195.23713074633,4.333333333333333,3.5573174158732095
NVIDIA H100 80GB HBM3,81004MB,3,2048,7,0.4599389883338428,0.8757684426229508,0.45534703520151404,0.8766059157454437,0.9970343112945557,187949.39941102834,6.666666666666667,3.5573174158732095
NVIDIA H100 80GB HBM3,81004MB,3,2048,8,0.43295966601762614,0.8813556608606558,0.4238142519432429,0.8813863161039737,1.0985875129699707,170575.3959403708,11.333333333333334,3.5573174158732095
NVIDIA H100 80GB HBM3,81004MB,3,2048,9,0.4037470148235071,0.8875192110655737,0.41053236752508077,0.8801912160143412,0.998309850692749,187709.25667012561,6.666666666666667,3.5573174158732095
NVIDIA H100 80GB HBM3,81004MB,3,2048,10,0.379629054030434,0.8947553790983607,0.3845211387766914,0.8931132357334927,0.9971976280212402,187918.61786900336,11.666666666666666,3.5573174158732095
NVIDIA H100 80GB HBM3,81004MB,3,2048,11,0.35964746260252156,0.8986136014344263,0.3770445814266609,0.8946818046011353,1.1472134590148926,163345.36395773524,8.666666666666666,3.5573174158732095
NVIDIA H100 80GB HBM3,81004MB,3,2048,12,0.3486453773545437,0.9009029200819673,0.36276325199687376,0.8975948610696146,1.0928397178649902,171472.53795469253,6.333333333333333,3.5573174158732095
NVIDIA H100 80GB HBM3,81004MB,4,2048,1,3.692946900435484,0.2227629781420765,2.0920499636231518,0.5276366895727517,1.3639905452728271,137385.11652404277,6.0,4.158109664916992
NVIDIA H100 80GB HBM3,81004MB,4,2048,2,1.4114852668157691,0.6630592554644809,1.030780659373948,0.7432526640772832,0.8522911071777344,219868.53836892353,12.0,4.158109664916992
NVIDIA H100 80GB HBM3,81004MB,4,2048,3,0.8806210358937582,0.7765966530054644,0.7955011886472828,0.7983268598745145,0.8961136341094971,209116.33621802743,6.75,4.158109664916992
NVIDIA H100 80GB HBM3,81004MB,4,2048,4,0.7098890100020528,0.8147199453551912,0.6903398283187309,0.8231251867343891,0.8443586826324463,221934.11858544566,10.5,4.158109664916992
NVIDIA H100 80GB HBM3,81004MB,4,2048,5,0.6186672142946004,0.8375170765027322,0.616868839013649,0.8418484214719649,0.8959338665008545,209158.29505572247,10.5,4.158109664916992
NVIDIA H100 80GB HBM3,81004MB,4,2048,6,0.5638190787998053,0.8531634221311475,0.5682757766630744,0.8528035056269296,0.7897391319274902,237283.4173008985,6.75,4.158109664916992
NVIDIA H100 80GB HBM3,81004MB,4,2048,7,0.5167830358437502,0.8638789275956285,0.5286189228186462,0.8642565481525745,0.7879312038421631,237827.87010620537,11.0,4.158109664916992
NVIDIA H100 80GB HBM3,81004MB,4,2048,8,0.48286157325317297,0.8711577868852459,0.4940225337887532,0.8730206154765462,0.9009895324707031,207984.65825250116,12.5,4.158109664916992
NVIDIA H100 80GB HBM3,81004MB,4,2048,9,0.4524961073216193,0.8772199453551912,0.4734366094492641,0.8778010158350762,0.7894008159637451,237385.11059330645,11.75,4.158109664916992
NVIDIA H100 80GB HBM3,81004MB,4,2048,10,0.4242493700785715,0.8862278005464481,0.44642794890572807,0.8843740663280549,0.7838797569274902,239057.07264913333,12.25,4.158109664916992
NVIDIA H100 80GB HBM3,81004MB,4,2048,11,0.40301176938202865,0.8907744193989071,0.43576058423942976,0.8878597749228164,0.9011631011962891,207944.59931974372,12.0,4.158109664916992
NVIDIA H100 80GB HBM3,81004MB,4,2048,12,0.39118156244194574,0.892119193989071,0.4180260251841333,0.8879593665969525,0.9003555774688721,208131.10363219658,11.75,4.158109664916992
